symbol,timeframe,model,cumulative_return,max_drawdown,trade_count,profit_factor,win_rate,threshold_bps,ma_window,min_hold_bars,hold_until_opposite,stop_loss_bps,cooldown_bars,long_only
USTEC,H4,iTransformer,0.3773659994801615,0.0719491233335616,161,1.7983654720821332,0.6770186335403726,20.0,0,1,True,0.0,0,False
USTEC,H4,DLinear,0.3540136588881293,0.142389194006428,165,1.4727036955508472,0.4424242424242424,8.0,0,3,False,40.0,0,False
US500,H1,PatchTST,0.2204541264538368,0.0397324311552983,145,1.5440116069779897,0.5241379310344828,15.0,0,3,True,40.0,2,False
EURUSD,H4,iTransformer,0.1122252740285709,0.0584652069451715,314,1.1838900102686087,0.5732484076433121,12.0,0,3,True,40.0,2,False
GBPUSD,H4,iTransformer,0.053045223821307,0.0471632970979588,352,1.0977637142731076,0.6193181818181818,10.0,0,1,True,0.0,0,False
GBPUSD,M15,PatchTST,0.050359200476207,0.0117031887144184,10,4.6413558895888345,0.7,12.0,0,1,True,40.0,2,False
EURUSD,M15,PatchTST,0.0436477232548584,0.0232742575317402,8,3.852127086992871,0.75,10.0,0,1,True,0.0,0,False
GBPUSD,H1,PatchTST,0.0400690760965336,0.0311703468277008,8,2.712329820489126,0.375,20.0,0,1,True,40.0,0,False
EURUSD,H1,PatchTST,0.0375935130276421,0.0192554593709455,29,1.707863531023143,0.3448275862068966,12.0,0,1,True,20.0,2,False
GBPUSD,H1,iTransformer,0.0310380462871986,0.0319234682832604,181,1.1489985373044986,0.5248618784530387,10.0,0,3,True,20.0,0,False
EURUSD,H1,iTransformer,0.0250812341135604,0.0360283589153359,23,1.4731491290710466,0.6086956521739131,20.0,0,1,True,0.0,0,False
